time,temp,dwpt,rhum,prcp,snow,wdir,wspd,wpgt,pres,tsun,coco,source
2025-03-17 18:00:00,23.0,20.2,84.0,,,290.0,7.2,,1014.8,,,Meteostat
2025-03-17 19:00:00,,,,,,,,,,,,Meteostat
2025-03-17 20:00:00,,,,,,,,,,,,Meteostat
2025-03-17 21:00:00,23.0,19.8,82.0,,,320.0,3.6,,1014.0,,,Meteostat
2025-03-17 22:00:00,,,,,,,,,,,,Meteostat
2025-03-17 23:00:00,,,,,,,,,,,,Meteostat
2025-03-18 00:00:00,23.5,20.1,81.0,,,320.0,10.8,,1016.5,,,Meteostat
2025-03-18 01:00:00,,,,,,,,,,,,Meteostat
2025-03-18 02:00:00,,,,,,,,,,,,Meteostat
2025-03-18 03:00:00,23.5,20.1,81.0,,,320.0,14.4,,1018.0,,,Meteostat
2025-03-18 04:00:00,,,,,,,,,,,,Meteostat
2025-03-18 05:00:00,,,,,,,,,,,,Meteostat
2025-03-18 06:00:00,25.5,20.1,72.0,,,360.0,10.8,,1015.9,,,Meteostat
2025-03-18 07:00:00,,,,,,,,,,,,Meteostat
2025-03-18 08:00:00,,,,,,,,,,,,Meteostat
2025-03-18 09:00:00,23.1,20.1,83.0,,,320.0,10.8,,1014.2,,,Meteostat
2025-03-18 10:00:00,,,,,,,,,,,,Meteostat
2025-03-18 11:00:00,,,,,,,,,,,,Meteostat
2025-03-18 12:00:00,23.0,19.0,78.0,,,340.0,10.8,,1015.9,,,Meteostat
2025-03-18 13:00:00,,,,,,,,,,,,Meteostat
2025-03-18 14:00:00,,,,,,,,,,,,Meteostat
2025-03-18 15:00:00,22.2,17.8,76.0,,,340.0,10.8,,1018.3,,,Meteostat
2025-03-18 16:00:00,,,,,,,,,,,,Meteostat
2025-03-18 17:00:00,,,,,,,,,,,,Meteostat
2025-03-18 18:00:00,21.7,16.9,74.0,,,320.0,14.4,,1018.0,,,Meteostat
2025-03-18 19:00:00,,,,,,,,,,,,Meteostat
2025-03-18 20:00:00,,,,,,,,,,,,Meteostat
2025-03-18 21:00:00,21.2,16.2,73.0,,,320.0,10.8,,1017.8,,,Meteostat
2025-03-18 22:00:00,,,,,,,,,,,,Meteostat
2025-03-18 23:00:00,,,,,,,,,,,,Meteostat
2025-03-19 00:00:00,21.7,16.6,73.0,,,340.0,10.8,,1019.4,,,Meteostat
2025-03-19 01:00:00,,,,,,,,,,,,Meteostat
2025-03-19 02:00:00,,,,,,,,,,,,Meteostat
2025-03-19 03:00:00,23.0,17.9,73.0,,,340.0,10.8,,1021.2,,,Meteostat
2025-03-19 04:00:00,,,,,,,,,,,,Meteostat
2025-03-19 05:00:00,,,,,,,,,,,,Meteostat
2025-03-19 06:00:00,24.7,17.7,65.0,,,340.0,10.8,,1018.5,,,Meteostat
2025-03-19 07:00:00,,,,,,,,,,,,Meteostat
2025-03-19 08:00:00,,,,,,,,,,,,Meteostat
2025-03-19 09:00:00,23.6,16.6,65.0,,,340.0,10.8,,1017.5,,,Meteostat
2025-03-19 10:00:00,,,,,,,,,,,,Meteostat
2025-03-19 11:00:00,,,,,,,,,,,,Meteostat
2025-03-19 12:00:00,20.7,17.5,82.0,,,320.0,10.8,,1019.1,,,Meteostat
2025-03-19 13:00:00,,,,,,,,,,,,Meteostat
2025-03-19 14:00:00,,,,,,,,,,,,Meteostat
2025-03-19 15:00:00,20.7,16.1,75.0,,,340.0,7.2,,1020.5,,,Meteostat
2025-03-19 16:00:00,,,,,,,,,,,,Meteostat
2025-03-19 17:00:00,,,,,,,,,,,,Meteostat
2025-03-19 18:00:00,20.6,15.4,72.0,,,320.0,7.2,,1019.3,,,Meteostat
2025-03-19 19:00:00,,,,,,,,,,,,Meteostat
2025-03-19 20:00:00,,,,,,,,,,,,Meteostat
2025-03-19 21:00:00,20.5,15.9,75.0,,,290.0,3.6,,1019.2,,,Meteostat
2025-03-19 22:00:00,,,,,,,,,,,,Meteostat
2025-03-19 23:00:00,,,,,,,,,,,,Meteostat
2025-03-20 00:00:00,21.2,16.6,75.0,,,320.0,7.2,,1020.7,,,Meteostat
2025-03-20 01:00:00,,,,,,,,,,,,Meteostat
2025-03-20 02:00:00,,,,,,,,,,,,Meteostat
2025-03-20 03:00:00,22.1,17.2,74.0,,,320.0,10.8,,1021.5,,,Meteostat
2025-03-20 04:00:00,,,,,,,,,,,,Meteostat
2025-03-20 05:00:00,,,,,,,,,,,,Meteostat
2025-03-20 06:00:00,22.5,17.4,73.0,,,320.0,10.8,,1019.3,,,Meteostat
2025-03-20 07:00:00,,,,,,,,,,,,Meteostat
2025-03-20 08:00:00,,,,,,,,,,,,Meteostat
2025-03-20 09:00:00,22.7,16.5,68.0,,,320.0,7.2,,1017.9,,,Meteostat
2025-03-20 10:00:00,,,,,,,,,,,,Meteostat
2025-03-20 11:00:00,,,,,,,,,,,,Meteostat
2025-03-20 12:00:00,22.0,15.8,68.0,,,340.0,10.8,,1018.6,,,Meteostat
2025-03-20 13:00:00,,,,,,,,,,,,Meteostat
2025-03-20 14:00:00,,,,,,,,,,,,Meteostat
2025-03-20 15:00:00,21.5,15.8,70.0,,,320.0,7.2,,1020.3,,,Meteostat
2025-03-20 16:00:00,,,,,,,,,,,,Meteostat
2025-03-20 17:00:00,,,,,,,,,,,,Meteostat
2025-03-20 18:00:00,21.2,16.0,72.0,,,290.0,10.8,,1018.9,,,Meteostat
2025-03-20 19:00:00,,,,,,,,,,,,Meteostat
2025-03-20 20:00:00,,,,,,,,,,,,Meteostat
2025-03-20 21:00:00,21.1,16.3,74.0,,,270.0,10.8,,1018.2,,,Meteostat
2025-03-20 22:00:00,,,,,,,,,,,,Meteostat
2025-03-20 23:00:00,,,,,,,,,,,,Meteostat
2025-03-21 00:00:00,22.2,16.7,71.0,,,290.0,10.8,,1020.0,,,Meteostat
2025-03-21 01:00:00,,,,,,,,,,,,Meteostat
2025-03-21 02:00:00,,,,,,,,,,,,Meteostat
2025-03-21 03:00:00,24.0,17.0,65.0,,,340.0,10.8,,1021.3,,,Meteostat
2025-03-21 04:00:00,,,,,,,,,,,,Meteostat
2025-03-21 05:00:00,,,,,,,,,,,,Meteostat
2025-03-21 06:00:00,24.0,17.0,65.0,,,340.0,10.8,,1019.2,,,Meteostat
2025-03-21 07:00:00,,,,,,,,,,,,Meteostat
2025-03-21 08:00:00,,,,,,,,,,,,Meteostat
2025-03-21 09:00:00,25.0,14.5,52.0,,,360.0,7.2,,1016.7,,,Meteostat
2025-03-21 10:00:00,,,,,,,,,,,,Meteostat
2025-03-21 11:00:00,,,,,,,,,,,,Meteostat
2025-03-21 12:00:00,22.2,14.1,60.0,,,340.0,10.8,,1018.5,,,Meteostat
2025-03-21 13:00:00,,,,,,,,,,,,Meteostat
2025-03-21 14:00:00,21.7,16.2,71.0,,,339.0,26.3,,1019.8,,,Meteostat
2025-03-21 15:00:00,22.0,14.4,62.0,0.0,,290.0,7.2,,1019.7,,3.0,Meteostat
2025-03-21 16:00:00,20.8,16.2,75.0,0.0,,315.0,23.4,,1019.3,,3.0,Meteostat
2025-03-21 17:00:00,20.7,15.9,74.0,0.0,,307.0,22.3,,1018.6,,3.0,Meteostat
2025-03-21 18:00:00,21.2,14.6,66.0,0.0,,290.0,14.4,,1017.8,,3.0,Meteostat
2025-03-21 19:00:00,20.1,15.9,77.0,0.0,,305.0,24.5,,1017.4,,3.0,Meteostat
2025-03-21 20:00:00,20.6,16.0,75.0,0.0,,308.0,23.8,,1016.9,,3.0,Meteostat
2025-03-21 21:00:00,21.5,14.4,64.0,0.0,,290.0,14.4,,1016.7,,3.0,Meteostat
2025-03-21 22:00:00,20.6,16.0,75.0,0.0,,305.0,20.2,,1017.1,,3.0,Meteostat
2025-03-21 23:00:00,20.9,16.1,74.0,0.0,,317.0,21.2,,1017.8,,3.0,Meteostat
2025-03-22 00:00:00,22.0,15.8,68.0,0.0,,290.0,10.8,,1019.0,,3.0,Meteostat
2025-03-22 01:00:00,22.6,17.5,73.0,0.0,,338.0,23.8,,1019.1,,3.0,Meteostat
2025-03-22 02:00:00,23.0,17.9,73.0,0.0,,339.0,24.8,,1019.1,,3.0,Meteostat
2025-03-22 03:00:00,26.0,18.2,62.0,0.0,,320.0,7.2,,1019.4,,3.0,Meteostat
2025-03-22 04:00:00,24.6,19.4,73.0,0.0,,8.0,30.2,,1018.0,,3.0,Meteostat
2025-03-22 05:00:00,26.3,19.4,66.0,0.0,,26.0,29.2,,1017.2,,3.0,Meteostat
2025-03-22 06:00:00,26.7,18.8,62.0,0.0,,360.0,10.8,,1016.7,,3.0,Meteostat
2025-03-22 07:00:00,25.6,19.7,70.0,0.0,,25.0,29.5,,1015.1,,3.0,Meteostat
2025-03-22 08:00:00,25.7,19.8,70.0,0.0,,25.0,29.5,,1014.6,,3.0,Meteostat
2025-03-22 09:00:00,26.2,17.3,58.0,0.0,,20.0,10.8,,1014.6,,3.0,Meteostat
2025-03-22 10:00:00,24.3,19.6,75.0,0.0,,16.0,28.8,,1015.2,,3.0,Meteostat
2025-03-22 11:00:00,23.3,19.7,80.0,0.0,,12.0,27.7,,1015.9,,3.0,Meteostat
2025-03-22 12:00:00,24.0,18.9,73.0,0.0,,340.0,10.8,,1016.8,,3.0,Meteostat
2025-03-22 13:00:00,22.7,19.3,81.0,0.0,,355.0,22.3,,1017.2,,3.0,Meteostat
2025-03-22 14:00:00,22.4,19.2,82.0,0.0,,341.0,22.0,,1017.6,,3.0,Meteostat
2025-03-22 15:00:00,23.3,18.4,74.0,0.0,,340.0,10.8,,1018.2,,3.0,Meteostat
2025-03-22 16:00:00,21.6,19.2,86.0,0.0,,326.0,21.2,,1018.1,,3.0,Meteostat
2025-03-22 17:00:00,21.7,19.4,87.0,0.2,,312.0,19.4,,1017.7,,7.0,Meteostat
2025-03-22 18:00:00,22.7,18.5,77.0,0.0,,290.0,7.2,,1016.3,,3.0,Meteostat
2025-03-22 19:00:00,20.6,19.6,94.0,0.0,,276.0,16.6,,1016.2,,3.0,Meteostat
2025-03-22 20:00:00,20.4,19.4,94.0,0.0,,282.0,17.3,,1015.7,,3.0,Meteostat
2025-03-22 21:00:00,22.0,18.4,80.0,0.0,,290.0,10.8,,1015.7,,3.0,Meteostat
2025-03-22 22:00:00,20.7,19.5,93.0,0.0,,288.0,18.7,,1015.9,,3.0,Meteostat
2025-03-22 23:00:00,20.9,19.6,92.0,0.0,,286.0,17.3,,1016.4,,3.0,Meteostat
2025-03-23 00:00:00,22.4,17.8,75.0,0.0,,290.0,7.2,,1017.0,,3.0,Meteostat
2025-03-23 01:00:00,23.8,19.7,78.0,0.0,,358.0,21.2,,1017.1,,2.0,Meteostat
2025-03-23 02:00:00,25.4,19.3,69.0,0.1,,17.0,24.5,,1017.9,,17.0,Meteostat
2025-03-23 03:00:00,25.4,18.8,67.0,0.0,,320.0,7.2,,1017.7,,3.0,Meteostat
2025-03-23 04:00:00,25.9,19.1,66.0,0.1,,28.0,25.9,,1017.0,,17.0,Meteostat
2025-03-23 05:00:00,25.6,19.7,70.0,0.1,,32.0,25.9,,1016.2,,17.0,Meteostat
2025-03-23 06:00:00,25.3,19.0,68.0,0.0,,360.0,7.2,,1014.9,,3.0,Meteostat
2025-03-23 07:00:00,25.6,19.3,68.0,0.0,,26.0,22.7,,1014.2,,3.0,Meteostat
2025-03-23 08:00:00,25.8,19.2,67.0,0.0,,34.0,21.6,,1013.7,,3.0,Meteostat
2025-03-23 09:00:00,24.9,19.5,72.0,0.0,,360.0,7.2,,1013.0,,3.0,Meteostat
2025-03-23 10:00:00,24.5,19.6,74.0,0.0,,31.0,19.4,,1013.7,,3.0,Meteostat
2025-03-23 11:00:00,23.4,19.8,80.0,0.0,,20.0,16.9,,1013.9,,3.0,Meteostat
2025-03-23 12:00:00,23.7,20.0,80.0,0.0,,20.0,3.6,,1014.5,,2.0,Meteostat
2025-03-23 13:00:00,21.9,20.0,89.0,0.0,,348.0,16.6,,1015.3,,1.0,Meteostat
2025-03-23 14:00:00,21.5,20.0,91.0,0.0,,309.0,16.2,,1015.6,,1.0,Meteostat
2025-03-23 15:00:00,22.6,19.4,82.0,0.0,,320.0,7.2,,1015.8,,1.0,Meteostat
2025-03-23 16:00:00,20.6,19.8,95.0,0.0,,261.0,11.9,,1015.3,,1.0,Meteostat
2025-03-23 17:00:00,20.3,19.8,97.0,0.0,,258.0,11.2,,1015.5,,3.0,Meteostat
2025-03-23 18:00:00,22.2,18.8,81.0,0.0,,290.0,7.2,,1013.9,,3.0,Meteostat
2025-03-23 19:00:00,19.8,19.5,98.0,0.0,,264.0,12.2,,1013.9,,3.0,Meteostat
2025-03-23 20:00:00,19.4,19.1,98.0,0.0,,268.0,12.6,,1013.3,,2.0,Meteostat
2025-03-23 21:00:00,21.5,18.7,84.0,0.0,,340.0,3.6,,1012.7,,2.0,Meteostat
2025-03-23 22:00:00,18.8,18.8,100.0,0.0,,268.0,12.2,,1013.1,,2.0,Meteostat
2025-03-23 23:00:00,18.5,18.5,100.0,0.0,,262.0,11.2,,1013.6,,2.0,Meteostat
2025-03-24 00:00:00,21.2,20.0,93.0,0.0,,360.0,3.6,,1014.8,,5.0,Meteostat
2025-03-24 01:00:00,23.0,19.2,79.0,0.0,,287.0,12.2,,1014.7,,1.0,Meteostat
2025-03-24 02:00:00,25.2,18.6,67.0,0.0,,6.0,14.8,,1015.0,,1.0,Meteostat
2025-03-24 03:00:00,25.2,18.6,67.0,0.0,,20.0,7.2,,1015.0,,3.0,Meteostat
2025-03-24 04:00:00,27.3,18.0,57.0,0.0,,29.0,20.9,,1014.4,,2.0,Meteostat
2025-03-24 05:00:00,27.6,17.5,54.0,0.0,,31.0,22.7,,1013.4,,2.0,Meteostat
2025-03-24 06:00:00,26.3,17.4,58.0,0.0,,360.0,7.2,,1012.7,,1.0,Meteostat
2025-03-24 07:00:00,27.0,17.2,55.0,0.0,,46.0,23.0,,1011.7,,1.0,Meteostat
2025-03-24 08:00:00,26.1,17.7,60.0,0.0,,42.0,23.0,,1011.2,,3.0,Meteostat
2025-03-24 09:00:00,25.3,16.7,59.0,0.0,,20.0,10.8,,1010.2,,3.0,Meteostat
2025-03-24 10:00:00,24.4,18.1,68.0,0.0,,38.0,19.1,,1011.2,,1.0,Meteostat
2025-03-24 11:00:00,23.0,18.3,75.0,0.0,,34.0,15.1,,1011.4,,1.0,Meteostat
2025-03-24 12:00:00,23.3,19.0,77.0,0.0,,320.0,3.6,,1011.2,,1.0,Meteostat
2025-03-24 13:00:00,21.7,18.3,81.0,0.0,,326.0,13.0,,1012.9,,1.0,Meteostat
2025-03-24 14:00:00,20.8,18.2,85.0,0.0,,290.0,11.9,,1013.4,,1.0,Meteostat
2025-03-24 15:00:00,22.2,18.6,80.0,0.0,,0.0,0.0,,1012.8,,1.0,Meteostat
2025-03-24 16:00:00,19.7,18.2,91.0,0.0,,266.0,11.2,,1013.2,,1.0,Meteostat
2025-03-24 17:00:00,19.4,18.1,92.0,0.0,,270.0,14.4,,1012.6,,2.0,Meteostat
2025-03-24 18:00:00,21.7,18.1,80.0,0.0,,290.0,7.2,,1010.7,,2.0,Meteostat
2025-03-24 19:00:00,19.0,18.0,94.0,0.0,,268.0,14.4,,1011.0,,1.0,Meteostat
2025-03-24 20:00:00,18.5,17.7,95.0,0.0,,269.0,13.3,,1010.5,,1.0,Meteostat
2025-03-24 21:00:00,21.1,17.7,81.0,0.0,,20.0,3.6,,1008.8,,1.0,Meteostat
2025-03-24 22:00:00,17.5,17.2,98.0,0.0,,274.0,11.5,,1010.6,,1.0,Meteostat
2025-03-24 23:00:00,17.7,17.5,99.0,0.0,,271.0,11.2,,1010.6,,2.0,Meteostat
2025-03-25 00:00:00,20.2,19.0,93.0,0.0,,20.0,7.2,,1010.2,,3.0,Meteostat
2025-03-25 01:00:00,23.3,18.6,75.0,0.0,,285.0,8.3,,1011.4,,3.0,Meteostat
2025-03-25 02:00:00,25.4,19.1,68.0,0.0,,139.0,4.0,,1011.4,,3.0,Meteostat
2025-03-25 03:00:00,25.2,19.1,69.0,0.0,,110.0,3.6,,1010.7,,1.0,Meteostat
2025-03-25 04:00:00,27.5,19.0,60.0,0.0,,105.0,7.9,,1010.4,,1.0,Meteostat
2025-03-25 05:00:00,28.1,19.1,58.0,0.0,,111.0,11.2,,1009.4,,2.0,Meteostat
2025-03-25 06:00:00,27.3,20.6,67.0,0.0,,140.0,10.8,,1008.9,,1.0,Meteostat
2025-03-25 07:00:00,27.6,18.6,58.0,0.0,,115.0,16.2,,1007.6,,3.0,Meteostat
2025-03-25 08:00:00,27.0,18.3,59.0,0.0,,118.0,16.2,,1006.9,,3.0,Meteostat
2025-03-25 09:00:00,27.0,20.8,69.0,0.0,,140.0,7.2,,1005.4,,3.0,Meteostat
2025-03-25 10:00:00,25.4,18.6,66.0,0.0,,121.0,14.0,,1006.6,,1.0,Meteostat
2025-03-25 11:00:00,23.9,19.0,74.0,0.0,,130.0,11.2,,1007.2,,1.0,Meteostat
2025-03-25 12:00:00,24.3,21.2,83.0,0.0,,180.0,7.2,,1007.0,,1.0,Meteostat
2025-03-25 13:00:00,21.7,19.4,87.0,0.0,,178.0,10.1,,1008.9,,1.0,Meteostat
2025-03-25 14:00:00,20.7,19.7,94.0,0.0,,220.0,6.8,,1009.8,,1.0,Meteostat
2025-03-25 15:00:00,23.8,20.5,82.0,0.0,,0.0,0.0,,1008.2,,1.0,Meteostat
2025-03-25 16:00:00,19.4,18.9,97.0,0.0,,242.0,9.0,,1010.1,,1.0,Meteostat
2025-03-25 17:00:00,19.2,18.5,96.0,0.0,,248.0,9.0,,1009.8,,2.0,Meteostat
2025-03-25 18:00:00,23.0,20.3,85.0,0.0,,0.0,0.0,,1007.1,,3.0,Meteostat
2025-03-25 19:00:00,18.6,18.3,98.0,0.0,,276.0,8.3,,1008.1,,2.0,Meteostat
2025-03-25 20:00:00,18.4,18.1,98.0,0.0,,272.0,8.6,,1007.6,,2.0,Meteostat
2025-03-25 21:00:00,21.9,20.5,92.0,0.0,,0.0,0.0,,1006.4,,3.0,Meteostat
2025-03-25 22:00:00,17.9,17.7,99.0,0.0,,274.0,10.8,,1008.0,,3.0,Meteostat
2025-03-25 23:00:00,18.0,17.7,98.0,0.0,,273.0,10.1,,1008.6,,3.0,Meteostat
2025-03-26 00:00:00,21.8,20.8,94.0,0.0,,20.0,3.6,,1008.6,,3.0,Meteostat
2025-03-26 01:00:00,24.7,19.1,71.0,0.0,,192.0,6.8,,1009.5,,3.0,Meteostat
2025-03-26 02:00:00,26.9,19.8,65.0,0.0,,147.0,12.6,,1009.6,,2.0,Meteostat
2025-03-26 03:00:00,27.2,22.4,75.0,0.0,,140.0,14.4,,1008.5,,1.0,Meteostat
2025-03-26 04:00:00,29.3,19.9,57.0,0.0,,141.0,20.9,,1008.4,,2.0,Meteostat
2025-03-26 05:00:00,29.7,20.8,59.0,0.0,,139.0,23.4,,1007.6,,2.0,Meteostat
2025-03-26 06:00:00,28.3,23.7,76.0,0.0,,140.0,14.4,,1005.0,,1.0,Meteostat
2025-03-26 07:00:00,29.5,22.0,64.0,0.0,,130.0,22.7,,1005.1,,2.0,Meteostat
2025-03-26 08:00:00,28.5,21.5,66.0,0.0,,129.0,24.1,,1004.7,,3.0,Meteostat
2025-03-26 09:00:00,27.3,24.0,82.0,0.0,,140.0,14.4,,1003.5,,3.0,Meteostat
2025-03-26 10:00:00,26.5,21.5,74.0,0.0,,140.0,21.6,,1004.7,,3.0,Meteostat
2025-03-26 11:00:00,25.1,22.0,83.0,0.0,,142.0,19.8,,1005.4,,3.0,Meteostat
2025-03-26 12:00:00,25.6,23.3,87.0,0.0,,160.0,14.4,,1004.2,,3.0,Meteostat
2025-03-26 13:00:00,24.2,22.5,90.0,0.0,,156.0,14.0,,1006.8,,3.0,Meteostat
2025-03-26 14:00:00,23.7,22.5,93.0,0.0,,149.0,14.0,,1007.3,,3.0,Meteostat
2025-03-26 15:00:00,25.1,23.2,89.0,0.0,,160.0,10.8,,1005.9,,3.0,Meteostat
2025-03-26 16:00:00,22.6,22.1,97.0,0.0,,183.0,16.9,,1007.6,,3.0,Meteostat
2025-03-26 17:00:00,22.1,21.6,97.0,0.0,,183.0,18.0,,1007.4,,3.0,Meteostat
2025-03-26 18:00:00,24.3,23.4,95.0,0.0,,160.0,3.6,,1005.0,,3.0,Meteostat
2025-03-26 19:00:00,21.2,21.0,99.0,0.0,,204.0,14.8,,1006.5,,3.0,Meteostat
2025-03-26 20:00:00,20.8,20.8,100.0,0.0,,204.0,16.6,,1006.1,,3.0,Meteostat
2025-03-26 21:00:00,23.6,22.2,92.0,0.0,,0.0,0.0,,1004.4,,5.0,Meteostat
2025-03-26 22:00:00,20.5,20.3,99.0,0.0,,267.0,9.0,,1006.4,,5.0,Meteostat
2025-03-26 23:00:00,20.3,20.1,99.0,0.0,,264.0,8.3,,1007.1,,5.0,Meteostat
2025-03-27 00:00:00,23.5,22.1,92.0,0.0,,0.0,0.0,,1007.3,,5.0,Meteostat
2025-03-27 01:00:00,26.0,21.4,76.0,0.0,,141.0,7.9,,1008.2,,5.0,Meteostat
2025-03-27 02:00:00,28.7,22.0,67.0,0.0,,134.0,13.3,,1008.4,,3.0,Meteostat
2025-03-27 03:00:00,27.0,22.8,78.0,0.0,,140.0,7.2,,1007.1,,3.0,Meteostat
2025-03-27 04:00:00,31.1,22.4,60.0,0.0,,138.0,23.0,,1007.2,,3.0,Meteostat
2025-03-27 05:00:00,31.7,21.6,55.0,0.0,,136.0,25.6,,1005.9,,3.0,Meteostat
2025-03-27 06:00:00,28.4,23.1,73.0,0.0,,160.0,14.4,,1003.6,,3.0,Meteostat
2025-03-27 07:00:00,31.3,20.9,54.0,0.0,,134.0,27.4,,1003.7,,3.0,Meteostat
2025-03-27 08:00:00,30.0,21.4,60.0,0.0,,136.0,29.2,,1003.0,,3.0,Meteostat
2025-03-27 09:00:00,27.4,22.6,75.0,0.0,,140.0,21.6,,1001.4,,3.0,Meteostat
2025-03-27 10:00:00,27.3,22.5,75.0,0.0,,145.0,28.1,,1003.1,,3.0,Meteostat
2025-03-27 11:00:00,26.0,22.9,83.0,0.0,,147.0,25.6,,1003.8,,1.0,Meteostat
2025-03-27 12:00:00,25.8,23.3,86.0,0.0,,140.0,18.0,,1002.4,,1.0,Meteostat
2025-03-27 13:00:00,25.7,23.2,86.0,0.0,,146.0,25.6,,1005.6,,1.0,Meteostat
2025-03-27 14:00:00,25.3,23.4,89.0,0.0,,153.0,22.3,,1006.6,,1.0,Meteostat
2025-03-27 15:00:00,25.0,23.8,93.0,0.0,,180.0,7.2,,1004.6,,1.0,Meteostat
2025-03-27 16:00:00,24.7,23.5,93.0,0.0,,148.0,17.6,,1006.9,,1.0,Meteostat
2025-03-27 17:00:00,24.1,22.7,92.0,0.0,,153.0,16.9,,1006.6,,1.0,Meteostat
2025-03-27 18:00:00,24.2,23.3,95.0,0.0,,140.0,3.6,,1003.7,,1.0,Meteostat
2025-03-27 19:00:00,23.3,22.6,96.0,0.0,,140.0,17.6,,1005.7,,2.0,Meteostat
2025-03-27 20:00:00,23.1,22.6,97.0,0.0,,155.0,18.0,,1005.4,,2.0,Meteostat
2025-03-27 21:00:00,23.0,22.5,97.0,0.0,,191.0,17.3,,1005.9,,1.0,Meteostat
2025-03-27 22:00:00,22.7,22.4,98.0,0.0,,253.0,13.7,,1006.6,,1.0,Meteostat
2025-03-27 23:00:00,22.7,22.5,99.0,0.0,,205.0,10.4,,1007.3,,1.0,Meteostat
2025-03-28 00:00:00,24.9,22.8,88.0,0.0,,154.0,13.3,,1008.1,,2.0,Meteostat
2025-03-28 01:00:00,27.3,22.7,76.0,0.0,,143.0,16.2,,1008.8,,3.0,Meteostat
2025-03-28 02:00:00,29.4,22.9,68.0,0.0,,136.0,19.8,,1009.1,,1.0,Meteostat
2025-03-28 03:00:00,30.7,23.1,64.0,0.0,,132.0,23.4,,1009.3,,1.0,Meteostat
2025-03-28 04:00:00,31.3,23.4,63.0,0.0,,130.0,25.2,,1008.9,,1.0,Meteostat
2025-03-28 05:00:00,31.4,23.0,61.0,0.0,,132.0,26.3,,1007.7,,1.0,Meteostat
2025-03-28 06:00:00,29.2,23.9,73.0,0.0,,140.0,14.4,,1005.7,,1.0,Meteostat
2025-03-28 07:00:00,31.3,22.1,58.0,0.0,,132.0,26.3,,1005.5,,1.0,Meteostat
2025-03-28 08:00:00,30.8,20.7,55.0,0.0,,133.0,25.9,,1004.8,,1.0,Meteostat
2025-03-28 09:00:00,28.0,23.6,77.0,0.0,,140.0,18.0,,1003.7,,1.0,Meteostat
2025-03-28 10:00:00,27.9,22.2,71.0,0.0,,143.0,23.0,,1005.3,,1.0,Meteostat
2025-03-28 11:00:00,26.4,22.9,81.0,0.0,,137.0,19.4,,1006.2,,1.0,Meteostat
2025-03-28 12:00:00,26.5,23.8,85.0,0.0,,160.0,18.0,,1005.8,,1.0,Meteostat
2025-03-28 13:00:00,25.2,22.9,87.0,0.0,,138.0,11.2,,1008.3,,1.0,Meteostat
2025-03-28 14:00:00,24.7,22.9,90.0,0.0,,128.0,9.7,,1009.3,,1.0,Meteostat
2025-03-28 15:00:00,26.2,24.1,88.0,0.0,,140.0,10.8,,1008.0,,1.0,Meteostat
2025-03-28 16:00:00,24.0,23.1,95.0,0.0,,151.0,10.1,,1010.1,,1.0,Meteostat
2025-03-28 17:00:00,23.7,23.2,97.0,0.0,,154.0,10.8,,1009.8,,1.0,Meteostat
2025-03-28 18:00:00,26.0,24.6,92.0,0.0,,160.0,10.8,,1007.7,,1.0,Meteostat
2025-03-28 19:00:00,23.5,23.2,98.0,0.0,,159.0,12.2,,1009.2,,3.0,Meteostat
2025-03-28 20:00:00,23.6,23.3,98.0,0.0,,172.0,12.2,,1008.7,,3.0,Meteostat
2025-03-28 21:00:00,25.7,24.8,95.0,0.0,,140.0,3.6,,1007.2,,3.0,Meteostat
2025-03-28 22:00:00,24.0,23.0,94.0,0.0,,270.0,9.0,,1009.1,,3.0,Meteostat
2025-03-28 23:00:00,25.1,24.4,96.0,0.0,,315.0,3.6,,1009.8,,3.0,Meteostat
2025-03-29 00:00:00,26.2,24.8,92.0,0.0,,0.0,0.0,,1009.5,,3.0,Meteostat
2025-03-29 01:00:00,27.4,23.6,80.0,0.0,,144.0,5.8,,1011.4,,2.0,Meteostat
2025-03-29 02:00:00,28.8,23.2,72.0,0.0,,122.0,9.0,,1012.0,,2.0,Meteostat
2025-03-29 03:00:00,29.8,25.1,76.0,0.0,,140.0,7.2,,1011.8,,2.0,Meteostat
2025-03-29 04:00:00,30.2,22.9,65.0,0.0,,106.0,13.3,,1011.7,,2.0,Meteostat
2025-03-29 05:00:00,30.2,22.6,64.0,0.0,,102.0,15.8,,1010.8,,2.0,Meteostat
2025-03-29 06:00:00,29.4,25.6,80.0,0.0,,110.0,10.8,,1009.2,,2.0,Meteostat
2025-03-29 07:00:00,29.2,23.4,71.0,0.0,,92.0,17.6,,1008.9,,3.0,Meteostat
2025-03-29 08:00:00,29.0,23.4,72.0,0.0,,92.0,15.8,,1008.1,,2.0,Meteostat
2025-03-29 09:00:00,30.0,25.7,78.0,0.0,,160.0,7.2,,1007.1,,3.0,Meteostat
2025-03-29 10:00:00,27.6,23.2,77.0,0.0,,81.0,14.8,,1008.6,,3.0,Meteostat
2025-03-29 11:00:00,26.3,23.4,84.0,0.0,,71.0,12.6,,1009.8,,3.0,Meteostat
2025-03-29 12:00:00,27.4,23.6,80.0,0.2,,70.0,3.6,,1009.6,,7.0,Meteostat
2025-03-29 13:00:00,25.6,24.0,91.0,0.0,,54.0,11.2,,1011.8,,3.0,Meteostat
2025-03-29 14:00:00,25.0,24.0,94.0,0.0,,44.0,12.2,,1013.2,,3.0,Meteostat
2025-03-29 15:00:00,27.2,25.0,88.0,0.1,,20.0,3.6,,1011.6,,17.0,Meteostat
2025-03-29 16:00:00,24.3,23.4,95.0,0.5,,35.0,12.2,,1013.8,,8.0,Meteostat
2025-03-29 17:00:00,24.3,23.4,95.0,0.2,,27.0,13.0,,1013.4,,7.0,Meteostat
2025-03-29 18:00:00,26.6,24.4,88.0,0.1,,360.0,3.6,,1010.9,,7.0,Meteostat
2025-03-29 19:00:00,24.4,23.4,94.0,0.3,,26.0,13.0,,1012.0,,8.0,Meteostat
2025-03-29 20:00:00,24.2,23.3,95.0,0.4,,29.0,13.0,,1011.5,,8.0,Meteostat
2025-03-29 21:00:00,25.8,25.5,98.0,0.1,,360.0,3.6,,1010.8,,7.0,Meteostat
2025-03-29 22:00:00,24.0,23.1,95.0,0.0,,3.0,16.2,,1011.9,,3.0,Meteostat
2025-03-29 23:00:00,24.0,23.1,95.0,0.0,,349.0,16.9,,1012.6,,3.0,Meteostat
2025-03-30 00:00:00,26.2,25.3,95.0,0.1,,360.0,7.2,,1013.0,,7.0,Meteostat
2025-03-30 01:00:00,26.2,23.3,84.0,0.0,,10.0,19.4,,1014.3,,3.0,Meteostat
2025-03-30 02:00:00,27.4,22.8,76.0,0.0,,22.0,22.3,,1014.7,,3.0,Meteostat
2025-03-30 03:00:00,27.1,24.6,86.0,0.2,,360.0,7.2,,1014.5,,7.0,Meteostat
2025-03-30 04:00:00,28.4,22.9,72.0,0.4,,27.0,27.0,,1014.0,,8.0,Meteostat
2025-03-30 05:00:00,29.6,22.1,64.0,0.0,,27.0,30.6,,1013.7,,3.0,Meteostat
2025-03-30 06:00:00,26.9,22.7,78.0,0.0,,360.0,14.4,,1013.1,,3.0,Meteostat
2025-03-30 07:00:00,28.7,22.2,68.0,0.0,,28.0,32.0,,1011.9,,3.0,Meteostat
2025-03-30 08:00:00,28.2,22.2,70.0,0.0,,25.0,32.0,,1011.2,,3.0,Meteostat
2025-03-30 09:00:00,26.2,21.4,75.0,0.0,,320.0,10.8,,1010.7,,3.0,Meteostat
2025-03-30 10:00:00,26.3,22.4,79.0,0.0,,23.0,27.4,,1011.4,,3.0,Meteostat
2025-03-30 11:00:00,25.4,22.7,85.0,0.0,,17.0,24.5,,1011.9,,3.0,Meteostat
2025-03-30 12:00:00,25.0,20.9,78.0,0.0,,290.0,7.2,,1012.1,,3.0,Meteostat
2025-03-30 13:00:00,24.8,22.9,89.0,0.0,,9.0,24.5,,1013.3,,3.0,Meteostat
2025-03-30 14:00:00,24.6,22.8,90.0,0.0,,8.0,25.6,,1013.8,,3.0,Meteostat
2025-03-30 15:00:00,24.2,19.5,75.0,0.0,,340.0,7.2,,1012.9,,3.0,Meteostat
2025-03-30 16:00:00,23.8,20.1,80.0,0.0,,344.0,30.6,,1014.3,,3.0,Meteostat
2025-03-30 17:00:00,24.0,19.9,78.0,0.0,,349.0,29.5,,1014.0,,3.0,Meteostat
2025-03-30 18:00:00,23.4,19.5,79.0,0.0,,320.0,7.2,,1012.2,,3.0,Meteostat
2025-03-30 19:00:00,24.1,19.6,76.0,0.0,,346.0,25.9,,1012.8,,3.0,Meteostat
2025-03-30 20:00:00,24.1,19.2,74.0,0.0,,344.0,31.7,,1012.2,,3.0,Meteostat
2025-03-30 21:00:00,23.7,19.4,77.0,0.0,,320.0,14.4,,1011.2,,3.0,Meteostat
2025-03-30 22:00:00,24.0,18.9,73.0,0.0,,345.0,31.7,,1012.5,,3.0,Meteostat
2025-03-30 23:00:00,24.0,18.9,73.0,0.0,,344.0,31.3,,1012.9,,3.0,Meteostat
2025-03-31 00:00:00,24.2,19.9,77.0,0.0,,320.0,10.8,,1013.3,,3.0,Meteostat
2025-03-31 01:00:00,25.4,18.8,67.0,0.0,,351.0,34.2,,1014.9,,3.0,Meteostat
2025-03-31 02:00:00,25.8,19.0,66.0,0.0,,353.0,32.8,,1015.7,,3.0,Meteostat
2025-03-31 03:00:00,26.0,19.4,67.0,0.0,,340.0,14.4,,1014.7,,3.0,Meteostat
2025-03-31 04:00:00,26.9,20.0,66.0,0.0,,5.0,37.1,,1015.2,,3.0,Meteostat
2025-03-31 05:00:00,26.6,20.0,67.0,0.0,,5.0,37.4,,1014.2,,3.0,Meteostat
2025-03-31 06:00:00,26.2,19.8,68.0,0.0,,340.0,7.2,,1012.9,,3.0,Meteostat
2025-03-31 07:00:00,26.9,20.5,68.0,0.0,,4.0,35.6,,1011.8,,3.0,Meteostat
2025-03-31 08:00:00,26.6,20.2,68.0,0.0,,5.0,33.8,,1011.4,,3.0,Meteostat
2025-03-31 09:00:00,25.7,20.3,72.0,0.0,,340.0,3.6,,1011.0,,3.0,Meteostat
2025-03-31 10:00:00,24.4,20.1,77.0,0.0,,356.0,28.1,,1011.5,,3.0,Meteostat
2025-03-31 11:00:00,24.4,19.5,74.0,0.0,,358.0,32.8,,1011.5,,3.0,Meteostat
2025-03-31 12:00:00,25.1,19.5,71.0,0.0,,320.0,10.8,,1012.2,,3.0,Meteostat
2025-03-31 13:00:00,24.1,19.6,76.0,0.0,,347.0,32.8,,1013.0,,3.0,Meteostat
2025-03-31 14:00:00,24.1,19.6,76.0,0.0,,338.0,30.2,,1013.7,,3.0,Meteostat
2025-03-31 15:00:00,24.4,18.6,70.0,0.0,,320.0,7.2,,1013.6,,3.0,Meteostat
2025-03-31 16:00:00,23.5,19.6,79.0,0.5,,335.0,29.9,,1014.3,,8.0,Meteostat
2025-03-31 17:00:00,23.6,19.3,77.0,0.1,,346.0,33.1,,1013.8,,7.0,Meteostat
2025-03-31 18:00:00,23.7,19.4,77.0,0.0,,340.0,10.8,,1012.9,,3.0,Meteostat
2025-03-31 19:00:00,23.4,19.1,77.0,0.0,,349.0,34.9,,1012.4,,3.0,Meteostat
2025-03-31 20:00:00,23.2,19.2,78.0,0.0,,347.0,34.2,,1011.8,,3.0,Meteostat
2025-03-31 21:00:00,23.0,18.1,74.0,0.0,,320.0,10.8,,1011.2,,3.0,Meteostat
2025-03-31 22:00:00,23.0,19.2,79.0,0.0,,351.0,33.8,,1011.8,,3.0,Meteostat
2025-03-31 23:00:00,23.1,19.3,79.0,0.0,,351.0,35.3,,1012.1,,3.0,Meteostat
2025-04-01 00:00:00,23.0,18.3,75.0,0.0,,320.0,10.8,,1013.7,,3.0,Meteostat
2025-04-01 01:00:00,24.0,19.7,77.0,0.0,,352.0,33.5,,1014.1,,3.0,Meteostat
2025-04-01 02:00:00,23.8,19.7,78.0,0.1,,358.0,34.2,,1014.9,,7.0,Meteostat
2025-04-01 03:00:00,25.2,17.9,64.0,0.3,,320.0,14.4,,1014.8,,8.0,Meteostat
2025-04-01 04:00:00,24.1,20.8,82.0,0.3,,353.0,33.8,,1015.2,,8.0,Meteostat
2025-04-01 05:00:00,24.7,21.0,80.0,0.2,,1.0,38.2,,1014.4,,7.0,Meteostat
2025-04-01 06:00:00,25.5,18.4,65.0,0.3,,340.0,14.4,,1013.2,,8.0,Meteostat
2025-04-01 07:00:00,25.1,19.7,72.0,0.6,,5.0,41.0,,1012.3,,8.0,Meteostat
2025-04-01 08:00:00,25.4,19.5,70.0,0.0,,6.0,39.2,,1011.7,,3.0,Meteostat
2025-04-01 09:00:00,25.5,18.4,65.0,0.0,,360.0,10.8,,1011.1,,3.0,Meteostat
2025-04-01 10:00:00,24.7,19.5,73.0,0.0,,4.0,37.8,,1012.1,,3.0,Meteostat
2025-04-01 11:00:00,23.8,19.9,79.0,0.0,,358.0,33.1,,1012.8,,3.0,Meteostat
2025-04-01 12:00:00,23.0,18.1,74.0,0.0,,320.0,10.8,,1012.7,,3.0,Meteostat
2025-04-01 13:00:00,23.3,19.7,80.0,0.0,,347.0,31.3,,1014.5,,3.0,Meteostat
2025-04-01 14:00:00,23.2,19.8,81.0,0.0,,339.0,30.6,,1014.9,,3.0,Meteostat
2025-04-01 15:00:00,22.7,17.8,74.0,0.0,,340.0,7.2,,1014.7,,3.0,Meteostat
2025-04-01 16:00:00,22.8,19.4,81.0,0.0,,337.0,28.4,,1015.5,,3.0,Meteostat
2025-04-01 17:00:00,22.6,19.2,81.0,0.0,,334.0,26.6,,1015.0,,3.0,Meteostat
2025-04-01 18:00:00,22.5,17.6,74.0,0.0,,290.0,3.6,,1014.2,,3.0,Meteostat
2025-04-01 19:00:00,22.5,18.3,77.0,0.0,,324.0,26.3,,1014.1,,3.0,Meteostat
2025-04-01 20:00:00,22.4,18.0,76.0,0.0,,332.0,26.6,,1013.7,,3.0,Meteostat
2025-04-01 21:00:00,22.0,16.7,72.0,0.0,,320.0,7.2,,1013.2,,3.0,Meteostat
2025-04-01 22:00:00,22.5,18.1,76.0,0.0,,334.0,27.4,,1014.1,,3.0,Meteostat
2025-04-01 23:00:00,22.2,17.6,75.0,0.0,,335.0,27.7,,1014.7,,3.0,Meteostat
2025-04-02 00:00:00,23.0,17.9,73.0,0.0,,320.0,7.2,,1015.9,,3.0,Meteostat
2025-04-02 01:00:00,23.1,18.0,73.0,0.0,,345.0,25.9,,1016.1,,3.0,Meteostat
2025-04-02 02:00:00,24.5,18.7,70.0,0.0,,356.0,28.8,,1016.8,,3.0,Meteostat
2025-04-02 03:00:00,25.4,18.3,65.0,0.0,,340.0,7.2,,1016.7,,3.0,Meteostat
2025-04-02 04:00:00,24.8,19.2,71.0,0.0,,8.0,38.5,,1016.9,,3.0,Meteostat
2025-04-02 05:00:00,24.5,19.3,73.0,0.0,,9.0,36.0,,1016.3,,3.0,Meteostat
2025-04-02 06:00:00,25.0,19.4,71.0,0.0,,320.0,7.2,,1014.7,,3.0,Meteostat
2025-04-02 07:00:00,24.7,19.5,73.0,0.0,,9.0,35.3,,1014.6,,3.0,Meteostat
2025-04-02 08:00:00,24.5,19.8,75.0,0.0,,15.0,32.8,,1013.7,,3.0,Meteostat
2025-04-02 09:00:00,24.4,19.5,74.0,0.0,,360.0,7.2,,1013.8,,3.0,Meteostat
2025-04-02 10:00:00,24.5,19.8,75.0,0.0,,8.0,30.6,,1013.0,,3.0,Meteostat
2025-04-02 11:00:00,23.7,19.6,78.0,0.0,,7.0,30.2,,1013.6,,3.0,Meteostat
2025-04-02 12:00:00,23.5,19.2,77.0,0.0,,320.0,7.2,,1014.3,,3.0,Meteostat
2025-04-02 13:00:00,23.5,19.8,80.0,0.0,,356.0,28.8,,1015.1,,3.0,Meteostat
2025-04-02 14:00:00,23.0,19.4,80.0,0.0,,338.0,27.4,,1016.4,,3.0,Meteostat
2025-04-02 15:00:00,23.0,19.0,78.0,0.0,,320.0,10.8,,1015.5,,3.0,Meteostat
2025-04-02 16:00:00,22.6,19.2,81.0,0.0,,336.0,23.8,,1016.7,,3.0,Meteostat
2025-04-02 17:00:00,22.5,19.1,81.0,0.0,,333.0,23.4,,1016.6,,3.0,Meteostat
2025-04-02 18:00:00,23.0,19.0,78.0,0.0,,290.0,7.2,,1014.9,,3.0,Meteostat
2025-04-02 19:00:00,22.2,19.2,83.0,0.0,,320.0,20.5,,1015.4,,3.0,Meteostat
2025-04-02 20:00:00,21.8,19.2,85.0,0.0,,311.0,18.7,,1015.1,,2.0,Meteostat
2025-04-02 21:00:00,22.9,18.7,77.0,0.0,,290.0,7.2,,1014.3,,3.0,Meteostat
2025-04-02 22:00:00,21.6,18.8,84.0,0.0,,319.0,22.7,,1015.2,,3.0,Meteostat
2025-04-02 23:00:00,22.1,18.7,81.0,0.0,,322.0,22.7,,1015.6,,3.0,Meteostat
2025-04-03 00:00:00,23.2,19.4,79.0,0.0,,320.0,7.2,,1016.7,,3.0,Meteostat
2025-04-03 01:00:00,24.6,19.7,74.0,0.0,,3.0,28.1,,1017.0,,3.0,Meteostat
2025-04-03 02:00:00,25.5,19.9,71.0,0.0,,12.0,31.3,,1017.4,,3.0,Meteostat
2025-04-03 03:00:00,25.4,19.8,71.0,0.0,,360.0,7.2,,1017.7,,3.0,Meteostat
2025-04-03 04:00:00,27.0,19.9,65.0,0.0,,15.0,32.8,,1016.6,,3.0,Meteostat
2025-04-03 05:00:00,27.0,19.6,64.0,0.0,,16.0,31.3,,1016.6,,3.0,Meteostat
2025-04-03 06:00:00,26.5,20.1,68.0,0.0,,20.0,3.6,,1015.7,,3.0,Meteostat
2025-04-03 07:00:00,27.7,19.2,60.0,0.0,,19.0,32.0,,1014.6,,3.0,Meteostat
2025-04-03 08:00:00,27.0,19.4,63.0,0.0,,18.0,29.2,,1014.1,,3.0,Meteostat
2025-04-03 09:00:00,27.0,20.1,66.0,0.0,,20.0,10.8,,1013.3,,3.0,Meteostat
2025-04-03 10:00:00,25.1,19.7,72.0,0.0,,18.0,28.4,,1013.3,,3.0,Meteostat
2025-04-03 11:00:00,24.0,19.7,77.0,0.0,,11.0,25.6,,1013.5,,3.0,Meteostat
2025-04-03 12:00:00,24.2,18.8,72.0,0.0,,320.0,7.2,,1013.9,,3.0,Meteostat
2025-04-03 13:00:00,23.5,19.8,80.0,0.0,,357.0,19.4,,1014.3,,2.0,Meteostat
2025-04-03 14:00:00,23.2,20.0,82.0,0.0,,341.0,18.4,,1014.8,,2.0,Meteostat
2025-04-03 15:00:00,23.2,19.2,78.0,0.0,,320.0,3.6,,1014.9,,3.0,Meteostat
2025-04-03 16:00:00,21.9,19.5,86.0,0.0,,273.0,13.3,,1015.6,,3.0,Meteostat
2025-04-03 17:00:00,22.0,19.4,85.0,0.0,,266.0,12.2,,1015.1,,3.0,Meteostat
2025-04-03 18:00:00,23.3,18.4,74.0,0.0,,290.0,7.2,,1013.3,,3.0,Meteostat
2025-04-03 19:00:00,21.6,19.3,87.0,0.0,,265.0,12.2,,1014.1,,3.0,Meteostat
2025-04-03 20:00:00,20.9,19.7,93.0,0.0,,263.0,12.2,,1013.2,,3.0,Meteostat
2025-04-03 21:00:00,23.0,19.0,78.0,0.0,,290.0,10.8,,1012.9,,3.0,Meteostat
2025-04-03 22:00:00,20.8,19.6,93.0,0.0,,263.0,12.2,,1013.3,,3.0,Meteostat
2025-04-03 23:00:00,21.2,19.7,91.0,0.0,,264.0,11.9,,1013.9,,3.0,Meteostat
2025-04-04 00:00:00,24.2,20.1,78.0,0.0,,290.0,7.2,,1014.8,,3.0,Meteostat
2025-04-04 01:00:00,24.6,20.3,77.0,0.0,,352.0,13.7,,1015.5,,3.0,Meteostat
2025-04-04 02:00:00,25.8,20.4,72.0,0.2,,28.0,16.6,,1016.0,,7.0,Meteostat
2025-04-04 03:00:00,26.6,19.7,66.0,0.2,,320.0,10.8,,1015.5,,7.0,Meteostat
2025-04-04 04:00:00,27.0,20.1,66.0,0.0,,44.0,18.0,,1015.3,,3.0,Meteostat
2025-04-04 05:00:00,27.3,20.1,65.0,0.0,,57.0,17.6,,1014.5,,3.0,Meteostat
2025-04-04 06:00:00,28.0,20.0,62.0,0.0,,360.0,7.2,,1012.7,,3.0,Meteostat
2025-04-04 07:00:00,28.0,20.3,63.0,0.0,,68.0,16.6,,1012.2,,3.0,Meteostat
2025-04-04 08:00:00,27.1,20.4,67.0,0.0,,67.0,16.9,,1011.4,,2.0,Meteostat
2025-04-04 09:00:00,28.0,18.7,57.0,0.0,,90.0,3.6,,1010.0,,1.0,Meteostat
2025-04-04 10:00:00,25.7,20.5,73.0,0.0,,65.0,15.1,,1010.7,,2.0,Meteostat
2025-04-04 11:00:00,24.6,20.7,79.0,0.0,,59.0,12.2,,1011.0,,3.0,Meteostat
2025-04-04 12:00:00,24.9,19.5,72.0,0.0,,200.0,3.6,,1010.5,,3.0,Meteostat
2025-04-04 13:00:00,23.2,20.9,87.0,0.0,,15.0,7.6,,1012.3,,1.0,Meteostat
2025-04-04 14:00:00,22.6,20.7,89.0,0.0,,290.0,5.8,,1012.9,,1.0,Meteostat
2025-04-04 15:00:00,24.2,18.4,70.0,0.0,,0.0,0.0,,1011.9,,1.0,Meteostat
2025-04-04 16:00:00,21.0,20.7,98.0,0.0,,243.0,7.9,,1013.7,,1.0,Meteostat
2025-04-04 17:00:00,20.5,20.3,99.0,0.0,,236.0,9.7,,1013.4,,3.0,Meteostat
2025-04-04 18:00:00,23.2,19.4,79.0,0.0,,0.0,0.0,,1010.9,,3.0,Meteostat
2025-04-04 19:00:00,20.1,19.9,99.0,0.0,,241.0,9.4,,1012.5,,5.0,Meteostat
2025-04-04 20:00:00,19.8,19.8,100.0,0.0,,264.0,9.7,,1012.3,,5.0,Meteostat
2025-04-04 21:00:00,22.5,19.9,85.0,0.0,,320.0,3.6,,1011.2,,5.0,Meteostat
2025-04-04 22:00:00,19.6,19.4,99.0,0.0,,264.0,10.1,,1012.2,,3.0,Meteostat
2025-04-04 23:00:00,19.6,19.4,99.0,0.0,,271.0,10.8,,1012.5,,5.0,Meteostat
2025-04-05 00:00:00,22.7,20.4,87.0,0.0,,360.0,3.6,,1012.9,,5.0,Meteostat
2025-04-05 01:00:00,25.7,20.9,75.0,0.0,,255.0,6.1,,1013.7,,3.0,Meteostat
2025-04-05 02:00:00,28.3,21.1,65.0,0.0,,145.0,8.3,,1013.8,,3.0,Meteostat
2025-04-05 03:00:00,28.0,22.0,70.0,0.0,,90.0,7.2,,1013.0,,3.0,Meteostat
2025-04-05 04:00:00,29.7,21.9,63.0,0.0,,109.0,15.1,,1012.6,,3.0,Meteostat
2025-04-05 05:00:00,29.8,22.0,63.0,0.0,,104.0,15.5,,1011.7,,3.0,Meteostat
2025-04-05 06:00:00,29.1,23.3,71.0,0.0,,140.0,10.8,,1010.5,,3.0,Meteostat
2025-04-05 07:00:00,28.9,21.7,65.0,0.0,,98.0,16.9,,1010.2,,3.0,Meteostat
2025-04-05 08:00:00,28.3,21.8,68.0,0.0,,100.0,17.3,,1009.7,,3.0,Meteostat
2025-04-05 09:00:00,28.5,23.4,74.0,0.0,,140.0,10.8,,1008.6,,3.0,Meteostat
2025-04-05 10:00:00,26.7,21.7,74.0,0.0,,118.0,14.4,,1009.6,,3.0,Meteostat
2025-04-05 11:00:00,25.5,22.0,81.0,0.0,,123.0,10.1,,1009.8,,2.0,Meteostat
2025-04-05 12:00:00,26.2,23.5,85.0,0.0,,160.0,3.6,,1009.7,,1.0,Meteostat
2025-04-05 13:00:00,24.3,22.6,90.0,0.0,,196.0,6.5,,1010.8,,1.0,Meteostat
2025-04-05 14:00:00,23.8,22.4,92.0,0.0,,273.0,7.2,,1011.6,,3.0,Meteostat
2025-04-05 15:00:00,26.0,23.9,88.0,0.0,,20.0,3.6,,1011.1,,3.0,Meteostat
2025-04-05 16:00:00,23.0,22.2,95.0,0.0,,271.0,8.3,,1012.5,,3.0,Meteostat
2025-04-05 17:00:00,23.0,22.5,97.0,0.0,,279.0,10.1,,1013.2,,3.0,Meteostat
2025-04-05 18:00:00,25.7,23.9,90.0,0.0,,360.0,7.2,,1011.5,,2.0,Meteostat
2025-04-05 19:00:00,22.6,22.3,98.0,0.0,,259.0,8.3,,1012.8,,3.0,Meteostat
2025-04-05 20:00:00,22.5,22.2,98.0,0.0,,264.0,7.2,,1012.4,,3.0,Meteostat
2025-04-05 21:00:00,25.6,23.8,90.0,0.0,,340.0,3.6,,1010.9,,3.0,Meteostat
2025-04-05 22:00:00,23.6,22.6,94.0,0.0,,268.0,7.2,,1012.3,,3.0,Meteostat
2025-04-05 23:00:00,23.8,22.6,93.0,0.0,,279.0,8.3,,1012.9,,3.0,Meteostat
2025-04-06 00:00:00,26.2,24.1,88.0,0.0,,360.0,3.6,,1013.3,,3.0,Meteostat
2025-04-06 01:00:00,26.4,22.5,79.0,0.0,,340.0,10.4,,1014.0,,3.0,Meteostat
2025-04-06 02:00:00,27.9,21.9,70.0,0.1,,30.0,12.6,,1014.0,,7.0,Meteostat
2025-04-06 03:00:00,28.2,22.7,72.0,0.0,,50.0,7.2,,1014.1,,3.0,Meteostat
2025-04-06 04:00:00,29.3,21.5,63.0,0.0,,56.0,18.0,,1013.8,,3.0,Meteostat
2025-04-06 05:00:00,29.2,21.9,65.0,0.0,,64.0,18.7,,1013.1,,3.0,Meteostat
2025-04-06 06:00:00,30.2,21.6,60.0,0.0,,50.0,10.8,,1011.9,,3.0,Meteostat
2025-04-06 07:00:00,28.9,21.9,66.0,0.0,,66.0,19.8,,1011.2,,3.0,Meteostat
2025-04-06 08:00:00,28.7,21.2,64.0,0.0,,58.0,21.6,,1010.7,,3.0,Meteostat
2025-04-06 09:00:00,28.2,21.2,66.0,0.0,,50.0,3.6,,1010.4,,3.0,Meteostat
2025-04-06 10:00:00,26.6,22.2,77.0,0.0,,48.0,18.4,,1011.0,,1.0,Meteostat
2025-04-06 11:00:00,25.6,22.5,83.0,0.0,,33.0,16.2,,1011.5,,1.0,Meteostat
2025-04-06 12:00:00,26.0,23.7,87.0,0.0,,360.0,7.2,,1012.0,,1.0,Meteostat
2025-04-06 13:00:00,24.6,22.7,89.0,0.0,,6.0,14.4,,1013.4,,1.0,Meteostat
2025-04-06 14:00:00,24.3,22.7,91.0,0.0,,337.0,13.7,,1014.4,,1.0,Meteostat
2025-04-06 15:00:00,25.6,21.9,80.0,0.0,,320.0,3.6,,1013.0,,2.0,Meteostat
2025-04-06 16:00:00,23.7,22.7,94.0,0.0,,316.0,13.3,,1014.7,,2.0,Meteostat
2025-04-06 17:00:00,23.4,22.6,95.0,0.0,,280.0,10.1,,1014.8,,2.0,Meteostat
2025-04-06 18:00:00,25.1,22.0,83.0,0.0,,340.0,3.6,,1012.9,,2.0,Meteostat
2025-04-06 19:00:00,23.0,22.5,97.0,0.0,,256.0,9.0,,1013.9,,2.0,Meteostat
2025-04-06 20:00:00,22.8,22.5,98.0,0.0,,269.0,9.7,,1013.6,,3.0,Meteostat
2025-04-06 21:00:00,25.0,21.7,82.0,0.0,,0.0,0.0,,1012.7,,3.0,Meteostat
2025-04-06 22:00:00,23.4,22.0,92.0,0.0,,281.0,10.8,,1014.0,,3.0,Meteostat
2025-04-06 23:00:00,23.6,22.4,93.0,0.0,,276.0,9.7,,1014.1,,3.0,Meteostat
2025-04-07 00:00:00,25.6,22.5,83.0,0.0,,290.0,10.8,,1014.4,,3.0,Meteostat
2025-04-07 01:00:00,26.0,22.3,80.0,0.0,,353.0,12.2,,1015.3,,3.0,Meteostat
2025-04-07 02:00:00,27.5,22.0,72.0,0.1,,32.0,15.8,,1015.8,,17.0,Meteostat
2025-04-07 03:00:00,28.0,21.3,67.0,0.0,,360.0,3.6,,1015.8,,3.0,Meteostat
2025-04-07 04:00:00,29.0,22.0,66.0,0.0,,47.0,19.8,,1015.6,,3.0,Meteostat
2025-04-07 05:00:00,29.5,21.7,63.0,0.0,,50.0,21.2,,1014.5,,3.0,Meteostat
2025-04-07 06:00:00,30.0,20.8,58.0,0.0,,20.0,7.2,,1013.2,,3.0,Meteostat
2025-04-07 07:00:00,29.2,21.9,65.0,0.0,,55.0,19.1,,1012.7,,3.0,Meteostat
2025-04-07 08:00:00,28.3,22.1,69.0,0.0,,59.0,17.6,,1012.2,,3.0,Meteostat
2025-04-07 09:00:00,29.7,20.3,57.0,0.0,,340.0,7.2,,1011.5,,3.0,Meteostat
2025-04-07 10:00:00,26.8,22.2,76.0,0.0,,49.0,14.8,,1011.8,,1.0,Meteostat
2025-04-07 11:00:00,25.7,22.4,82.0,0.0,,43.0,12.6,,1012.4,,1.0,Meteostat
2025-04-07 12:00:00,27.0,21.3,71.0,0.0,,340.0,3.6,,1013.0,,1.0,Meteostat
2025-04-07 13:00:00,25.0,22.9,88.0,0.0,,340.0,12.2,,1014.1,,2.0,Meteostat
2025-04-07 14:00:00,24.7,22.9,90.0,0.0,,352.0,11.5,,1015.5,,1.0,Meteostat
2025-04-07 15:00:00,26.1,23.4,85.0,0.0,,290.0,7.2,,1014.9,,2.0,Meteostat
2025-04-07 16:00:00,24.1,22.9,93.0,0.0,,344.0,11.9,,1016.0,,2.0,Meteostat
2025-04-07 17:00:00,23.9,22.9,94.0,0.0,,331.0,11.5,,1015.6,,2.0,Meteostat
2025-04-07 18:00:00,26.0,22.5,81.0,0.0,,0.0,0.0,,1013.7,,3.0,Meteostat
2025-04-07 19:00:00,24.4,23.2,93.0,0.0,,334.0,11.5,,1014.0,,3.0,Meteostat
2025-04-07 20:00:00,24.4,23.2,93.0,0.0,,346.0,12.6,,1013.7,,3.0,Meteostat
2025-04-07 21:00:00,25.2,22.7,86.0,0.0,,320.0,3.6,,1013.2,,3.0,Meteostat
2025-04-07 22:00:00,23.9,23.0,95.0,0.0,,317.0,12.6,,1014.4,,3.0,Meteostat
2025-04-07 23:00:00,23.8,23.0,95.0,0.0,,313.0,13.3,,1014.8,,3.0,Meteostat
2025-04-08 00:00:00,25.7,23.2,86.0,0.0,,290.0,3.6,,1015.2,,3.0,Meteostat
2025-04-08 01:00:00,26.8,22.4,77.0,0.0,,23.0,16.9,,1015.8,,3.0,Meteostat
2025-04-08 02:00:00,28.1,21.9,69.0,0.1,,41.0,17.3,,1016.1,,17.0,Meteostat
2025-04-08 03:00:00,28.5,22.7,71.0,0.0,,360.0,7.2,,1015.8,,3.0,Meteostat
2025-04-08 04:00:00,29.5,22.0,64.0,0.0,,63.0,15.8,,1015.7,,3.0,Meteostat
2025-04-08 05:00:00,29.9,22.1,63.0,0.0,,65.0,16.9,,1014.7,,3.0,Meteostat
2025-04-08 06:00:00,30.1,22.0,62.0,0.0,,20.0,7.2,,1013.8,,3.0,Meteostat
2025-04-08 07:00:00,29.7,21.6,62.0,0.0,,67.0,15.5,,1012.3,,2.0,Meteostat
2025-04-08 08:00:00,29.2,21.7,64.0,0.0,,68.0,15.1,,1011.7,,2.0,Meteostat
2025-04-08 09:00:00,29.5,21.2,61.0,0.0,,20.0,7.2,,1011.0,,2.0,Meteostat
2025-04-08 10:00:00,27.0,22.0,74.0,0.0,,73.0,12.6,,1011.5,,1.0,Meteostat
2025-04-08 11:00:00,26.1,22.4,80.0,0.0,,71.0,10.4,,1012.4,,1.0,Meteostat
2025-04-08 12:00:00,27.0,23.0,79.0,0.0,,0.0,0.0,,1012.0,,1.0,Meteostat
2025-04-08 13:00:00,25.3,23.0,87.0,0.0,,85.0,7.2,,1013.9,,1.0,Meteostat
2025-04-08 14:00:00,25.0,23.1,89.0,0.0,,24.0,6.5,,1014.7,,2.0,Meteostat
2025-04-08 15:00:00,26.6,23.9,85.0,0.0,,0.0,0.0,,1014.3,,2.0,Meteostat
2025-04-08 16:00:00,24.3,22.9,92.0,0.0,,317.0,7.6,,1015.0,,3.0,Meteostat
2025-04-08 17:00:00,23.8,22.8,94.0,0.0,,307.0,8.3,,1014.1,,3.0,Meteostat
2025-04-08 18:00:00,25.7,22.6,83.0,0.1,,250.0,7.2,,1012.4,,17.0,Meteostat
2025-04-08 19:00:00,23.5,23.0,97.0,0.1,,280.0,7.9,,1012.5,,17.0,Meteostat
2025-04-08 20:00:00,23.7,22.9,95.0,0.0,,286.0,8.3,,1012.3,,3.0,Meteostat
2025-04-08 21:00:00,25.0,22.7,87.0,0.0,,0.0,0.0,,1011.0,,3.0,Meteostat
2025-04-08 22:00:00,23.4,23.2,99.0,0.0,,266.0,7.2,,1012.1,,2.0,Meteostat
2025-04-08 23:00:00,23.7,23.2,97.0,0.0,,247.0,6.5,,1012.7,,3.0,Meteostat
2025-04-09 00:00:00,25.6,23.8,90.0,0.0,,0.0,0.0,,1012.8,,3.0,Meteostat
2025-04-09 01:00:00,27.2,22.4,75.0,0.0,,152.0,3.2,,1013.9,,2.0,Meteostat
2025-04-09 02:00:00,29.0,22.0,66.0,0.0,,113.0,6.5,,1014.1,,3.0,Meteostat
2025-04-09 03:00:00,29.2,24.1,74.0,0.0,,0.0,0.0,,1012.7,,3.0,Meteostat
2025-04-09 04:00:00,30.7,21.5,58.0,0.0,,115.0,13.3,,1013.0,,3.0,Meteostat
2025-04-09 05:00:00,30.8,21.9,59.0,0.0,,104.0,15.5,,1011.6,,3.0,Meteostat
2025-04-09 06:00:00,30.2,24.6,72.0,0.0,,50.0,7.2,,1009.9,,3.0,Meteostat
2025-04-09 07:00:00,30.2,22.1,62.0,0.0,,114.0,18.7,,1008.7,,1.0,Meteostat
2025-04-09 08:00:00,29.5,22.0,64.0,0.0,,118.0,19.4,,1008.0,,1.0,Meteostat
2025-04-09 09:00:00,30.0,25.1,75.0,0.0,,90.0,10.8,,1007.3,,1.0,Meteostat
2025-04-09 10:00:00,27.3,22.3,74.0,0.0,,121.0,15.8,,1007.8,,1.0,Meteostat
2025-04-09 11:00:00,26.2,23.1,83.0,0.0,,122.0,13.7,,1008.6,,2.0,Meteostat
2025-04-09 12:00:00,27.5,24.6,84.0,0.0,,90.0,7.2,,1008.8,,2.0,Meteostat
2025-04-09 13:00:00,25.4,23.1,87.0,0.0,,148.0,7.6,,1010.8,,3.0,Meteostat
2025-04-09 14:00:00,25.0,23.2,90.0,0.0,,157.0,6.8,,1011.5,,3.0,Meteostat
2025-04-09 15:00:00,27.0,24.5,86.0,0.0,,90.0,3.6,,1010.3,,3.0,Meteostat
2025-04-09 16:00:00,24.2,23.0,93.0,0.0,,183.0,7.2,,1011.2,,3.0,Meteostat
2025-04-09 17:00:00,23.6,22.9,96.0,0.0,,220.0,5.8,,1011.3,,3.0,Meteostat
2025-04-09 18:00:00,27.0,24.8,88.0,0.0,,0.0,0.0,,1008.8,,3.0,Meteostat
2025-04-09 19:00:00,23.3,22.5,95.0,0.0,,245.0,7.9,,1009.9,,3.0,Meteostat
2025-04-09 20:00:00,23.5,22.1,92.0,0.0,,260.0,7.9,,1009.7,,3.0,Meteostat
2025-04-09 21:00:00,26.7,24.9,90.0,0.0,,110.0,3.6,,1007.6,,3.0,Meteostat
2025-04-09 22:00:00,23.7,22.3,92.0,0.0,,236.0,8.6,,1009.1,,3.0,Meteostat
2025-04-09 23:00:00,24.1,22.4,90.0,0.0,,210.0,8.6,,1009.6,,3.0,Meteostat
2025-04-10 00:00:00,27.2,25.6,91.0,0.0,,90.0,7.2,,1009.7,,3.0,Meteostat
2025-04-10 01:00:00,28.5,22.5,70.0,0.0,,175.0,14.8,,1011.0,,3.0,Meteostat
2025-04-10 02:00:00,30.3,22.2,62.0,0.0,,175.0,17.3,,1011.0,,3.0,Meteostat
2025-04-10 03:00:00,29.5,25.7,80.0,0.0,,90.0,10.8,,1010.1,,3.0,Meteostat
2025-04-10 04:00:00,32.5,21.7,53.0,0.0,,150.0,24.8,,1009.7,,3.0,Meteostat
2025-04-10 05:00:00,33.0,22.5,54.0,0.0,,141.0,24.8,,1008.4,,3.0,Meteostat
2025-04-10 06:00:00,29.5,25.0,77.0,0.0,,110.0,10.8,,1007.0,,3.0,Meteostat
2025-04-10 07:00:00,31.5,23.6,63.0,0.0,,132.0,23.8,,1006.0,,3.0,Meteostat
2025-04-10 08:00:00,30.4,23.6,67.0,0.0,,130.0,21.2,,1005.4,,3.0,Meteostat
2025-04-10 09:00:00,28.7,24.9,80.0,0.0,,90.0,10.8,,1004.1,,3.0,Meteostat
2025-04-10 10:00:00,28.1,23.3,75.0,0.0,,141.0,22.7,,1005.5,,3.0,Meteostat
2025-04-10 11:00:00,26.8,23.3,81.0,0.0,,146.0,21.2,,1005.9,,3.0,Meteostat
2025-04-10 12:00:00,26.5,25.3,93.0,0.0,,110.0,7.2,,1005.0,,3.0,Meteostat
2025-04-10 13:00:00,26.3,23.2,83.0,0.0,,146.0,18.0,,1007.8,,3.0,Meteostat
2025-04-10 14:00:00,25.8,23.3,86.0,0.0,,145.0,17.6,,1008.5,,3.0,Meteostat
2025-04-10 15:00:00,25.7,25.2,97.0,0.0,,110.0,7.2,,1006.4,,3.0,Meteostat
2025-04-10 16:00:00,25.2,23.8,92.0,0.0,,150.0,16.9,,1008.7,,3.0,Meteostat
2025-04-10 17:00:00,24.8,23.8,94.0,0.0,,149.0,17.3,,1008.5,,3.0,Meteostat
2025-04-10 18:00:00,25.2,24.7,97.0,0.0,,90.0,3.6,,1005.2,,3.0,Meteostat
2025-04-10 19:00:00,24.2,23.9,98.0,0.0,,174.0,16.2,,1007.8,,3.0,Meteostat
2025-04-10 20:00:00,23.7,23.5,99.0,0.0,,179.0,15.1,,1007.6,,3.0,Meteostat
2025-04-10 21:00:00,23.3,23.3,100.0,0.0,,196.0,13.7,,1007.9,,3.0,Meteostat
2025-04-10 22:00:00,23.0,22.8,99.0,0.0,,255.0,10.1,,1008.2,,3.0,Meteostat
2025-04-10 23:00:00,23.5,23.0,97.0,0.0,,254.0,6.1,,1008.2,,5.0,Meteostat
2025-04-11 00:00:00,26.0,23.5,86.0,0.0,,282.0,5.4,,1009.1,,1.0,Meteostat
2025-04-11 01:00:00,28.5,23.6,75.0,0.0,,120.0,3.6,,1009.7,,2.0,Meteostat
2025-04-11 02:00:00,30.3,23.7,68.0,0.0,,128.0,11.2,,1009.8,,1.0,Meteostat
2025-04-11 03:00:00,31.7,23.3,61.0,0.0,,135.0,17.3,,1009.3,,1.0,Meteostat
2025-04-11 04:00:00,32.1,23.1,59.0,0.0,,136.0,23.8,,1009.0,,2.0,Meteostat
2025-04-11 05:00:00,32.5,22.9,57.0,0.0,,137.0,25.9,,1008.4,,2.0,Meteostat
2025-04-11 06:00:00,32.4,22.8,57.0,0.0,,137.0,27.0,,1007.3,,1.0,Meteostat
2025-04-11 07:00:00,31.6,22.6,59.0,0.0,,138.0,27.7,,1006.5,,2.0,Meteostat
2025-04-11 08:00:00,30.7,22.0,60.0,0.0,,140.0,26.6,,1006.0,,3.0,Meteostat
2025-04-11 09:00:00,30.1,22.3,63.0,0.0,,140.0,26.3,,1005.1,,3.0,Meteostat
2025-04-11 10:00:00,28.6,23.1,72.0,0.0,,145.0,24.8,,1005.4,,3.0,Meteostat
2025-04-11 11:00:00,27.4,23.4,79.0,0.0,,149.0,23.0,,1006.3,,2.0,Meteostat
2025-04-11 12:00:00,26.8,23.9,84.0,0.0,,149.0,22.0,,1007.2,,2.0,Meteostat
2025-04-11 13:00:00,26.4,24.1,87.0,0.0,,158.0,20.9,,1008.2,,2.0,Meteostat
2025-04-11 14:00:00,26.0,23.9,88.0,0.0,,168.0,19.4,,1009.4,,1.0,Meteostat
2025-04-11 15:00:00,25.7,23.7,89.0,0.0,,176.0,16.2,,1010.4,,1.0,Meteostat
2025-04-11 16:00:00,25.7,23.9,90.0,0.0,,136.0,16.2,,1010.1,,2.0,Meteostat
2025-04-11 17:00:00,25.3,24.3,94.0,0.0,,154.0,21.2,,1009.4,,1.0,Meteostat
2025-04-11 18:00:00,25.1,24.2,95.0,0.0,,163.0,20.5,,1008.5,,1.0,Meteostat
2025-04-11 19:00:00,25.1,24.4,96.0,0.0,,165.0,20.2,,1007.9,,1.0,Meteostat
2025-04-11 20:00:00,24.9,24.2,96.0,0.0,,165.0,18.7,,1007.6,,3.0,Meteostat
2025-04-11 21:00:00,24.7,23.7,94.0,0.0,,190.0,15.8,,1007.8,,3.0,Meteostat
2025-04-11 22:00:00,24.5,23.3,93.0,0.0,,229.0,10.1,,1008.4,,3.0,Meteostat
2025-04-11 23:00:00,24.7,23.1,91.0,0.0,,186.0,9.4,,1008.9,,3.0,Meteostat
2025-04-12 00:00:00,27.1,23.1,79.0,0.0,,154.0,11.2,,1009.5,,3.0,Meteostat
2025-04-12 01:00:00,30.0,23.4,68.0,0.0,,138.0,12.2,,1010.2,,1.0,Meteostat
2025-04-12 02:00:00,32.0,23.0,59.0,0.0,,170.0,14.4,,1010.3,,2.0,Meteostat
2025-04-12 03:00:00,33.5,23.2,55.0,0.0,,170.0,18.7,,1009.7,,3.0,Meteostat
2025-04-12 04:00:00,34.5,23.2,52.0,0.0,,149.0,22.0,,1009.2,,3.0,Meteostat
2025-04-12 05:00:00,34.8,23.5,52.0,0.0,,143.0,26.6,,1008.5,,3.0,Meteostat
2025-04-12 06:00:00,33.0,23.4,57.0,0.0,,140.0,28.4,,1007.7,,3.0,Meteostat
2025-04-12 07:00:00,32.2,23.5,60.0,0.0,,141.0,27.0,,1006.7,,3.0,Meteostat
2025-04-12 08:00:00,31.4,23.0,61.0,0.0,,142.0,27.4,,1006.1,,3.0,Meteostat
2025-04-12 09:00:00,30.4,23.1,65.0,0.0,,145.0,27.0,,1005.8,,3.0,Meteostat
2025-04-12 10:00:00,29.4,23.4,70.0,0.0,,146.0,25.9,,1005.8,,3.0,Meteostat
2025-04-12 11:00:00,27.8,23.4,77.0,0.0,,147.0,21.6,,1006.7,,1.0,Meteostat
2025-04-12 12:00:00,27.4,23.6,80.0,0.0,,145.0,16.6,,1007.9,,1.0,Meteostat
2025-04-12 13:00:00,27.0,23.7,82.0,0.0,,142.0,18.4,,1008.7,,1.0,Meteostat
2025-04-12 14:00:00,26.6,24.1,86.0,0.0,,143.0,18.4,,1009.8,,1.0,Meteostat
2025-04-12 15:00:00,26.2,24.1,88.0,0.0,,142.0,17.3,,1011.0,,2.0,Meteostat
2025-04-12 16:00:00,25.9,24.3,91.0,0.0,,145.0,15.8,,1011.4,,1.0,Meteostat
2025-04-12 17:00:00,25.5,24.3,93.0,0.0,,146.0,13.3,,1010.9,,2.0,Meteostat
2025-04-12 18:00:00,25.1,24.4,96.0,0.0,,152.0,12.6,,1010.3,,3.0,Meteostat
2025-04-12 19:00:00,24.8,24.5,98.0,0.0,,154.0,10.8,,1009.7,,3.0,Meteostat
2025-04-12 20:00:00,24.9,24.6,98.0,0.0,,92.0,5.0,,1009.3,,3.0,Meteostat
2025-04-12 21:00:00,24.7,24.5,99.0,0.0,,158.0,7.9,,1009.6,,3.0,Meteostat
2025-04-12 22:00:00,24.6,24.3,98.0,0.0,,289.0,8.3,,1010.5,,3.0,Meteostat
2025-04-12 23:00:00,25.1,24.4,96.0,0.0,,324.0,5.4,,1011.3,,3.0,Meteostat
2025-04-13 00:00:00,26.9,24.0,84.0,0.0,,360.0,12.6,,1012.5,,3.0,Meteostat
2025-04-13 01:00:00,28.3,23.7,76.0,0.5,,43.0,22.3,,1013.4,,17.0,Meteostat
2025-04-13 02:00:00,26.0,23.5,86.0,1.7,,36.0,24.5,,1014.1,,9.0,Meteostat
2025-04-13 03:00:00,27.9,23.3,76.0,0.0,,18.0,25.6,,1013.6,,3.0,Meteostat
2025-04-13 04:00:00,30.0,22.7,65.0,0.0,,26.0,24.8,,1012.9,,3.0,Meteostat
2025-04-13 05:00:00,30.6,22.2,61.0,0.1,,28.0,28.4,,1011.9,,17.0,Meteostat
2025-04-13 06:00:00,30.4,21.8,60.0,0.0,,28.0,29.2,,1010.9,,3.0,Meteostat
2025-04-13 07:00:00,30.7,21.5,58.0,0.0,,28.0,32.8,,1009.7,,3.0,Meteostat
2025-04-13 08:00:00,29.7,21.4,61.0,0.0,,27.0,30.6,,1009.1,,3.0,Meteostat
2025-04-13 09:00:00,29.0,21.2,63.0,0.0,,22.0,32.0,,1008.6,,3.0,Meteostat
2025-04-13 10:00:00,27.6,21.6,70.0,0.0,,19.0,33.5,,1008.6,,1.0,Meteostat
2025-04-13 11:00:00,26.4,20.5,70.0,0.0,,3.0,29.5,,1009.9,,1.0,Meteostat
2025-04-13 12:00:00,26.0,20.3,71.0,0.0,,356.0,28.8,,1011.2,,3.0,Meteostat
2025-04-13 13:00:00,25.8,20.1,71.0,0.0,,354.0,28.8,,1012.0,,3.0,Meteostat
2025-04-13 14:00:00,25.5,19.6,70.0,0.0,,349.0,30.2,,1013.0,,3.0,Meteostat
2025-04-13 15:00:00,24.9,19.5,72.0,0.0,,341.0,28.8,,1013.7,,3.0,Meteostat
2025-04-13 16:00:00,24.7,18.9,70.0,0.2,,332.0,27.4,,1013.9,,17.0,Meteostat
2025-04-13 17:00:00,24.2,18.8,72.0,0.0,,318.0,27.0,,1013.4,,3.0,Meteostat
2025-04-13 18:00:00,24.1,19.4,75.0,0.3,,301.0,23.4,,1013.1,,8.0,Meteostat
2025-04-13 19:00:00,23.9,19.2,75.0,0.0,,324.0,24.1,,1012.3,,3.0,Meteostat
2025-04-13 20:00:00,23.8,18.9,74.0,0.0,,319.0,22.7,,1012.0,,3.0,Meteostat
2025-04-13 21:00:00,24.1,18.7,72.0,0.0,,323.0,22.7,,1011.7,,3.0,Meteostat
2025-04-13 22:00:00,24.1,18.7,72.0,0.0,,327.0,23.0,,1011.8,,3.0,Meteostat
2025-04-13 23:00:00,24.3,18.7,71.0,0.0,,326.0,22.3,,1012.4,,3.0,Meteostat
2025-04-14 00:00:00,25.3,19.0,68.0,0.0,,344.0,23.8,,1013.4,,3.0,Meteostat
2025-04-14 01:00:00,27.0,19.9,65.0,0.0,,8.0,22.3,,1014.7,,3.0,Meteostat
2025-04-14 02:00:00,28.3,20.1,61.0,0.0,,21.0,25.9,,1015.1,,3.0,Meteostat
2025-04-14 03:00:00,28.3,20.1,61.0,0.0,,16.0,30.2,,1015.1,,3.0,Meteostat
2025-04-14 04:00:00,29.5,20.1,57.0,0.0,,16.0,32.4,,1014.3,,3.0,Meteostat
2025-04-14 05:00:00,30.4,20.1,54.0,0.0,,24.0,31.7,,1013.5,,3.0,Meteostat
2025-04-14 06:00:00,29.3,19.9,57.0,0.0,,36.0,30.2,,1012.8,,3.0,Meteostat
2025-04-14 07:00:00,29.0,19.9,58.0,0.0,,36.0,28.8,,1012.2,,3.0,Meteostat
2025-04-14 08:00:00,28.7,19.9,59.0,0.0,,38.0,27.4,,1011.0,,3.0,Meteostat
2025-04-14 09:00:00,27.6,19.9,63.0,0.0,,34.0,27.4,,1010.8,,3.0,Meteostat
2025-04-14 10:00:00,26.3,20.2,69.0,0.0,,31.0,27.7,,1010.8,,3.0,Meteostat
2025-04-14 11:00:00,25.5,20.7,75.0,0.0,,28.0,25.6,,1011.7,,1.0,Meteostat
2025-04-14 12:00:00,25.2,21.1,78.0,0.0,,18.0,22.0,,1012.9,,1.0,Meteostat
2025-04-14 13:00:00,25.0,21.1,79.0,0.0,,359.0,21.2,,1013.7,,2.0,Meteostat
2025-04-14 14:00:00,24.8,21.3,81.0,0.0,,348.0,21.2,,1014.1,,3.0,Meteostat
2025-04-14 15:00:00,24.6,21.1,81.0,0.0,,325.0,19.1,,1014.8,,3.0,Meteostat
2025-04-14 16:00:00,24.3,21.0,82.0,0.0,,314.0,15.5,,1014.3,,3.0,Meteostat
2025-04-14 17:00:00,23.9,20.8,83.0,0.0,,298.0,14.4,,1013.7,,3.0,Meteostat
2025-04-14 18:00:00,23.5,20.6,84.0,0.0,,288.0,13.3,,1013.5,,3.0,Meteostat
2025-04-14 19:00:00,23.1,20.4,85.0,0.0,,281.0,12.2,,1012.7,,3.0,Meteostat
2025-04-14 20:00:00,22.9,20.4,86.0,0.0,,280.0,13.0,,1012.2,,3.0,Meteostat
2025-04-14 21:00:00,22.8,20.1,85.0,0.0,,298.0,14.8,,1012.3,,3.0,Meteostat
2025-04-14 22:00:00,22.6,19.9,85.0,0.0,,298.0,16.2,,1012.3,,3.0,Meteostat
2025-04-14 23:00:00,22.8,19.8,83.0,0.0,,278.0,15.1,,1012.9,,2.0,Meteostat
2025-04-15 00:00:00,24.4,19.7,75.0,0.0,,304.0,14.4,,1013.7,,2.0,Meteostat
2025-04-15 01:00:00,26.4,19.8,67.0,0.0,,8.0,15.5,,1014.5,,2.0,Meteostat
2025-04-15 02:00:00,27.6,19.9,63.0,0.0,,44.0,15.5,,1014.6,,3.0,Meteostat
2025-04-15 03:00:00,27.4,20.2,65.0,0.0,,48.0,19.1,,1014.4,,3.0,Meteostat
2025-04-15 04:00:00,28.7,20.2,60.0,0.0,,46.0,21.6,,1013.6,,3.0,Meteostat
2025-04-15 05:00:00,29.0,20.5,60.0,0.0,,47.0,23.0,,1012.8,,3.0,Meteostat
2025-04-15 06:00:00,29.7,20.6,58.0,0.0,,50.0,23.4,,1011.6,,3.0,Meteostat
2025-04-15 07:00:00,29.2,20.4,59.0,0.0,,53.0,23.4,,1010.7,,3.0,Meteostat
2025-04-15 08:00:00,28.7,20.2,60.0,0.0,,52.0,22.7,,1010.0,,3.0,Meteostat
2025-04-15 09:00:00,27.7,20.3,64.0,0.0,,48.0,22.7,,1009.5,,3.0,Meteostat
2025-04-15 10:00:00,26.4,20.5,70.0,0.0,,47.0,20.9,,1009.7,,1.0,Meteostat
2025-04-15 11:00:00,25.2,20.9,77.0,0.0,,42.0,19.1,,1010.3,,1.0,Meteostat
2025-04-15 12:00:00,24.8,21.1,80.0,0.0,,37.0,16.2,,1011.3,,1.0,Meteostat
2025-04-15 13:00:00,24.6,21.3,82.0,0.0,,37.0,13.0,,1012.2,,1.0,Meteostat
2025-04-15 14:00:00,24.4,21.3,83.0,0.0,,0.0,11.2,,1013.1,,1.0,Meteostat
2025-04-15 15:00:00,24.3,21.4,84.0,0.0,,307.0,10.4,,1013.8,,2.0,Meteostat
2025-04-15 16:00:00,24.1,21.4,85.0,0.0,,278.0,10.4,,1013.6,,2.0,Meteostat
2025-04-15 17:00:00,23.8,21.3,86.0,0.0,,280.0,9.7,,1012.8,,2.0,Meteostat
2025-04-15 18:00:00,23.3,21.2,88.0,0.0,,282.0,8.3,,1012.1,,2.0,Meteostat
2025-04-15 19:00:00,22.8,21.1,90.0,0.0,,287.0,10.1,,1011.1,,1.0,Meteostat
2025-04-15 20:00:00,22.5,21.0,91.0,0.0,,284.0,11.9,,1010.6,,1.0,Meteostat
2025-04-15 21:00:00,22.2,21.0,93.0,0.0,,286.0,11.9,,1010.7,,1.0,Meteostat
2025-04-15 22:00:00,22.0,20.8,93.0,0.0,,280.0,11.9,,1011.1,,1.0,Meteostat
2025-04-15 23:00:00,22.2,20.8,92.0,0.0,,264.0,10.8,,1011.3,,2.0,Meteostat
2025-04-16 00:00:00,24.5,20.6,79.0,0.0,,257.0,8.6,,1012.0,,3.0,Meteostat
2025-04-16 01:00:00,26.8,20.9,70.0,0.0,,233.0,4.3,,1012.7,,3.0,Meteostat
2025-04-16 02:00:00,29.3,21.0,61.0,0.0,,149.0,7.9,,1012.5,,3.0,Meteostat
2025-04-16 03:00:00,30.8,21.0,56.0,0.0,,133.0,13.7,,1011.8,,3.0,Meteostat
2025-04-16 04:00:00,30.9,21.4,57.0,0.0,,114.0,18.0,,1010.9,,3.0,Meteostat
2025-04-16 05:00:00,31.3,21.8,57.0,0.0,,109.0,18.0,,1009.8,,3.0,Meteostat
2025-04-16 06:00:00,30.7,22.0,60.0,0.0,,110.0,20.5,,1008.7,,3.0,Meteostat
2025-04-16 07:00:00,30.2,22.1,62.0,0.0,,111.0,21.2,,1007.9,,3.0,Meteostat
2025-04-16 08:00:00,29.5,22.2,65.0,0.0,,112.0,20.9,,1007.1,,3.0,Meteostat
2025-04-16 09:00:00,28.6,22.6,70.0,0.0,,120.0,20.2,,1007.1,,3.0,Meteostat
2025-04-16 10:00:00,27.6,22.5,74.0,0.0,,124.0,16.6,,1007.6,,3.0,Meteostat
2025-04-16 11:00:00,26.6,22.9,80.0,0.0,,134.0,14.8,,1008.1,,3.0,Meteostat
2025-04-16 12:00:00,26.3,23.2,83.0,0.0,,145.0,12.6,,1009.3,,3.0,Meteostat
2025-04-16 13:00:00,26.2,23.3,84.0,0.0,,144.0,9.4,,1010.2,,2.0,Meteostat
2025-04-16 14:00:00,26.0,23.5,86.0,0.0,,178.0,8.6,,1010.9,,2.0,Meteostat
2025-04-16 15:00:00,25.9,23.4,86.0,0.0,,201.0,9.0,,1011.4,,2.0,Meteostat
2025-04-16 16:00:00,25.7,23.4,87.0,0.0,,200.0,10.1,,1011.1,,3.0,Meteostat
